{
  "rank": 0,
  "world_size": 4,
  "method": "gather_scatter",
  "num_iterations": 39,
  "num_timed_iterations": 38,
  "average_time_per_iteration": 6.28525081433748,
  "total_timed_time": 238.83953094482422,
  "all_iteration_times": [
    8.60332202911377,
    8.003163576126099,
    8.260518789291382,
    7.614906549453735,
    6.285081148147583,
    5.886312961578369,
    6.134967088699341,
    6.506525278091431,
    6.526355981826782,
    6.3639750480651855,
    6.141395330429077,
    5.920446157455444,
    6.134000539779663,
    6.016538143157959,
    6.211275339126587,
    5.922978401184082,
    5.925157308578491,
    5.913243770599365,
    6.0499231815338135,
    6.047895669937134,
    6.129644393920898,
    5.929896831512451,
    6.037057161331177,
    6.113079309463501,
    5.84666895866394,
    5.924580812454224,
    6.176115989685059,
    5.907160520553589,
    6.021830797195435,
    6.1194374561309814,
    6.329209566116333,
    6.051526069641113,
    5.888195276260376,
    5.99731183052063,
    5.888868808746338,
    5.957829713821411,
    6.182826995849609,
    5.87030816078186
  ]
}