{
  "rank": 1,
  "world_size": 4,
  "method": "gather_scatter",
  "num_iterations": 39,
  "num_timed_iterations": 38,
  "average_time_per_iteration": 6.333013070257087,
  "total_timed_time": 240.6544966697693,
  "all_iteration_times": [
    8.446340084075928,
    8.308768272399902,
    7.985183000564575,
    9.335218667984009,
    6.527374982833862,
    5.866312742233276,
    6.211721181869507,
    6.489073038101196,
    6.425642728805542,
    6.409181118011475,
    6.143128156661987,
    5.952489852905273,
    6.02145791053772,
    6.104804039001465,
    6.157785654067993,
    5.9916276931762695,
    5.907118797302246,
    5.953408479690552,
    5.966848373413086,
    6.029176235198975,
    6.142423152923584,
    5.949973821640015,
    6.010456562042236,
    6.218565225601196,
    5.81811785697937,
    5.888226270675659,
    6.186765193939209,
    5.94965386390686,
    5.936377048492432,
    6.122229337692261,
    6.384966850280762,
    5.948103189468384,
    5.967747449874878,
    6.023739814758301,
    5.899027585983276,
    5.929985046386719,
    6.147024869918823,
    5.898452520370483
  ]
}