{
  "rank": 3,
  "world_size": 4,
  "method": "gather_scatter",
  "num_iterations": 39,
  "num_timed_iterations": 38,
  "average_time_per_iteration": 6.334754391720421,
  "total_timed_time": 240.72066688537598,
  "all_iteration_times": [
    8.491326808929443,
    8.24978494644165,
    8.050954580307007,
    9.427577495574951,
    6.444854021072388,
    5.873275995254517,
    6.121745824813843,
    6.514345407485962,
    6.496793270111084,
    6.398777008056641,
    6.154372930526733,
    5.944978952407837,
    6.016679286956787,
    6.118316650390625,
    6.1542041301727295,
    5.952892780303955,
    5.954949617385864,
    5.924261569976807,
    5.9894819259643555,
    6.019756078720093,
    6.144174575805664,
    5.951167345046997,
    6.007297039031982,
    6.182123422622681,
    5.8478758335113525,
    5.932751178741455,
    6.153727293014526,
    5.945455312728882,
    5.938665866851807,
    6.130381107330322,
    6.366420030593872,
    5.96505880355835,
    5.960158348083496,
    6.034596920013428,
    5.8738415241241455,
    5.943799734115601,
    6.152364253997803,
    5.891479015350342
  ]
}