{
  "rank": 2,
  "world_size": 4,
  "method": "gather_scatter",
  "num_iterations": 39,
  "num_timed_iterations": 38,
  "average_time_per_iteration": 6.335810115462856,
  "total_timed_time": 240.7607843875885,
  "all_iteration_times": [
    8.48725962638855,
    8.274518728256226,
    7.986623287200928,
    9.39346194267273,
    6.504218578338623,
    5.878500699996948,
    6.155315637588501,
    6.471436977386475,
    6.466768264770508,
    6.429940700531006,
    6.217039585113525,
    5.901926755905151,
    6.015526056289673,
    6.132021903991699,
    6.119673013687134,
    5.965564489364624,
    5.941247224807739,
    5.92115592956543,
    6.0032899379730225,
    6.059343338012695,
    6.128905296325684,
    5.940634489059448,
    6.012032747268677,
    6.171143531799316,
    5.858481407165527,
    5.88679575920105,
    6.226893424987793,
    5.932986497879028,
    5.9188361167907715,
    6.109360933303833,
    6.399194955825806,
    5.945484399795532,
    5.9795074462890625,
    6.019021511077881,
    5.882412433624268,
    5.923427104949951,
    6.171531677246094,
    5.929301977157593
  ]
}